{
  "timestamp": "2026-03-24T16:47:43.381479",
  "config": {
    "model": "Qwen/Qwen2.5-0.5B",
    "device": "cpu",
    "num_prompts": 3,
    "max_new_tokens": 32,
    "seq_length": "short"
  },
  "stats": {
    "num_requests": 3,
    "max_new_tokens": 32,
    "throughput": {
      "mean": 3.6269391570393887,
      "median": 3.587772171433983,
      "stdev": 0.0918671267936571,
      "min": 3.561146837024518,
      "max": 3.731898462659665
    },
    "latency": {
      "mean": 8826.59247766666,
      "median": 8919.183958999838,
      "stdev": 220.65801902174047,
      "min": 8574.724183999933,
      "max": 8985.86929000021,
      "p50": 8919.183958999838,
      "p99": 8985.86929000021
    },
    "total_tokens": 96,
    "total_time": 26.47977743299998
  }
}